date,day_of_week,day_number,phase,rank,daily_gross,pct_change_yd,pct_change_lw,theaters,avg_per_theater,cumulative_gross
2025-11-21,Friday,5,Initial Release,1,69117615.0,,,4115,16796.0,69117615.0
2025-11-22,Saturday,6,Initial Release,1,43415440.0,-37.2,,4115,10550.0,112533055.0
2025-11-23,Sunday,7,Initial Release,1,34471585.0,-20.6,,4115,8377.0,147004640.0
2025-11-24,Monday,8,Initial Release,1,14701415.0,-57.4,,4115,3572.0,161706055.0
2025-11-25,Tuesday,9,Initial Release,1,15734865.0,7.0,,4115,3823.0,177440920.0
2025-11-26,Wednesday,10,Initial Release,2,17187285.0,9.2,,4115,4176.0,194628205.0
2025-11-28,Friday,12,Initial Release,2,26107320.0,103.3,-62.2,4115,6344.0,233575600.0
2025-11-29,Saturday,13,Initial Release,2,21675380.0,-17.0,-50.1,4115,5267.0,255250980.0
2025-11-30,Sunday,14,Initial Release,2,13950055.0,-35.6,-59.5,4115,3390.0,269201035.0
2025-12-01,Monday,15,Initial Release,2,2717475.0,-80.5,-81.5,4115,660.0,271918510.0
2025-12-02,Tuesday,16,Initial Release,2,3678035.0,35.3,-76.6,4115,893.0,275596545.0
2025-12-03,Wednesday,17,Initial Release,2,2458755.0,-33.2,-85.7,4115,597.0,278055300.0
2025-12-04,Thursday,18,Initial Release,2,2146360.0,-12.7,-83.3,4115,521.0,280201660.0
2025-12-05,Friday,19,Initial Release,4,4510010.0,110.1,-82.7,3985,1131.0,284711670.0
2025-12-06,Saturday,20,Initial Release,3,7359125.0,63.2,-66.0,3985,1846.0,292070795.0
2025-12-07,Sunday,21,Initial Release,3,5486025.0,-25.5,-60.7,3985,1376.0,297556820.0
2025-12-08,Monday,22,Initial Release,3,1313080.0,-76.1,-51.7,3985,329.0,298869900.0
2025-12-09,Tuesday,23,Initial Release,3,2016290.0,53.6,-45.2,3985,505.0,300886190.0
2025-12-10,Wednesday,24,Initial Release,3,1386695.0,-31.2,-43.6,3985,347.0,302272885.0
2025-12-11,Thursday,25,Initial Release,3,1322410.0,-4.6,-38.4,3985,331.0,303595295.0
2025-12-12,Friday,26,Initial Release,3,2274390.0,72.0,-49.6,3480,653.0,305869685.0
2025-12-13,Saturday,27,Initial Release,3,3667255.0,61.2,-50.2,3480,1053.0,309536940.0
2025-12-14,Sunday,28,Initial Release,3,2607670.0,-28.9,-52.5,3480,749.0,312144610.0
2025-12-15,Monday,29,Initial Release,3,908725.0,-65.2,-30.8,3480,261.0,313053335.0
2025-12-16,Tuesday,30,Initial Release,3,1327360.0,46.1,-34.2,3480,381.0,314380695.0
2025-12-17,Wednesday,31,Initial Release,3,1020005.0,-23.2,-26.4,3480,293.0,315400700.0
2025-12-18,Thursday,32,Initial Release,3,806490.0,-20.9,-39.0,3480,231.0,316207190.0
2025-12-19,Friday,33,Initial Release,7,1271825.0,57.7,-44.1,2913,436.0,317479015.0
2025-12-20,Saturday,34,Initial Release,7,1850075.0,45.5,-49.6,2913,635.0,319329090.0
2025-12-21,Sunday,35,Initial Release,7,1739205.0,-6.0,-33.3,2913,597.0,321068295.0
2025-12-22,Monday,36,Initial Release,7,1361390.0,-21.7,49.8,2913,467.0,322429685.0
2025-12-23,Tuesday,37,Initial Release,7,1704765.0,25.2,28.4,2913,585.0,324134450.0
2025-12-24,Wednesday,38,Initial Release,7,844390.0,-50.5,-17.2,2913,289.0,324978840.0
2025-12-26,Friday,40,Initial Release,9,1848055.0,33.5,45.3,2008,920.0,328211245.0
2025-12-27,Saturday,41,Initial Release,9,1847945.0,,-0.1,2008,920.0,330059190.0
2025-12-28,Sunday,42,Initial Release,9,1625505.0,-12.0,-6.5,2008,809.0,331684695.0
2025-12-29,Monday,43,Initial Release,8,1323955.0,-18.6,-2.7,2008,659.0,333008650.0
2025-12-30,Tuesday,44,Initial Release,9,1454350.0,9.8,-14.7,2008,724.0,334463000.0
2026-01-02,Friday,47,Initial Release,10,1198305.0,1.5,-35.2,1885,635.0,337818030.0
2026-01-03,Saturday,48,Initial Release,9,1266985.0,5.7,-31.4,1885,672.0,339085015.0
2026-01-04,Sunday,49,Initial Release,9,796150.0,-37.2,-51.0,1885,422.0,339881165.0
2026-01-05,Monday,50,Initial Release,10,265070.0,-66.7,-80.0,1885,140.0,340146235.0
2026-01-06,Tuesday,51,Initial Release,9,301735.0,13.8,-79.3,1885,160.0,340447970.0
2026-01-07,Wednesday,52,Initial Release,9,222515.0,-26.3,-77.2,1885,118.0,340670485.0
2026-01-08,Thursday,53,Initial Release,9,142065.0,-36.2,-88.0,1885,75.0,340812550.0
2026-01-09,Friday,54,Initial Release,14,226665.0,59.6,-81.1,1142,198.0,341039215.0
2026-01-10,Saturday,55,Initial Release,13,461190.0,103.5,-63.6,1142,403.0,341500405.0
2026-01-11,Sunday,56,Initial Release,13,319735.0,-30.7,-59.8,1142,279.0,341820140.0
2026-01-12,Monday,57,Initial Release,15,78205.0,-75.5,-70.5,1142,68.0,341898345.0
2026-01-13,Tuesday,58,Initial Release,15,129770.0,65.9,-57.0,1142,113.0,342028115.0
2026-01-14,Wednesday,59,Initial Release,15,96430.0,-25.7,-56.7,1142,84.0,342124545.0
2026-01-15,Thursday,60,Initial Release,15,65605.0,-32.0,-53.8,1142,57.0,342190150.0
2026-01-16,Friday,61,Initial Release,23,66135.0,0.8,-70.8,414,159.0,342256285.0
2026-01-17,Saturday,62,Initial Release,22,129850.0,96.3,-71.8,414,313.0,342386135.0
2026-01-18,Sunday,63,Initial Release,24,109275.0,-15.8,-65.8,414,263.0,342495410.0
2026-01-20,Tuesday,65,Initial Release,20,35650.0,-64.9,-72.5,414,86.0,342632770.0
2026-01-21,Wednesday,66,Initial Release,20,27860.0,-21.9,-71.1,414,67.0,342660630.0
2026-01-22,Thursday,67,Initial Release,23,19060.0,-31.6,-70.9,414,46.0,342679690.0
2026-01-23,Friday,68,Initial Release,28,37205.0,95.2,-43.7,853,43.0,342716895.0
2026-01-24,Saturday,69,Initial Release,25,78280.0,110.4,-39.7,853,91.0,342795175.0
2026-01-25,Sunday,70,Initial Release,27,34910.0,-55.4,-68.1,853,40.0,342830085.0
2026-01-26,Monday,71,Initial Release,25,15250.0,-56.3,-85.0,853,17.0,342845335.0
2026-01-27,Tuesday,72,Initial Release,24,30275.0,98.5,-15.1,853,35.0,342875610.0
2026-01-28,Wednesday,73,Initial Release,24,22505.0,-25.7,-19.2,853,26.0,342898115.0
2026-01-29,Thursday,74,Initial Release,24,16975.0,-24.6,-10.9,853,19.0,342915090.0
