date,day_of_week,day_number,rank,daily_gross,pct_change_yd,pct_change_lw,theaters,avg_per_theater,cumulative_gross
2024-11-22,Friday,1,1,46210430.0,,,3888,11885.0,46210430.0
2024-11-23,Saturday,2,1,35492555.0,-23.2,,3888,9128.0,81702985.0
2024-11-24,Sunday,3,1,30805905.0,-13.2,,3888,7923.0,112508890.0
2024-11-25,Monday,4,1,15778135.0,-48.8,,3888,4058.0,128287025.0
2024-11-26,Tuesday,5,1,16638485.0,5.5,,3888,4279.0,144925510.0
2024-11-27,Wednesday,6,2,20310190.0,22.1,,3888,5223.0,165235700.0
2024-11-29,Friday,8,2,31728865.0,89.0,-31.3,3888,8160.0,213750715.0
2024-11-30,Saturday,9,2,29172605.0,-8.1,-17.8,3888,7503.0,242923320.0
2024-12-01,Sunday,10,2,20272345.0,-30.5,-34.2,3888,5214.0,263195665.0
2024-12-02,Monday,11,2,5644340.0,-72.2,-64.2,3888,1451.0,268840005.0
2024-12-03,Tuesday,12,2,6961250.0,23.3,-58.2,3888,1790.0,275801255.0
2024-12-04,Wednesday,13,1,5078535.0,-27.0,-75.0,3888,1306.0,280879790.0
2024-12-05,Thursday,14,1,4779480.0,-5.9,-71.5,3888,1229.0,285659270.0
2024-12-06,Friday,15,2,9517890.0,99.1,-70.0,3885,2449.0,295177160.0
2024-12-07,Saturday,16,2,15087045.0,58.5,-48.3,3885,3883.0,310264205.0
2024-12-08,Sunday,17,2,11843485.0,-21.5,-41.6,3885,3048.0,322107690.0
2024-12-09,Monday,18,1,3349105.0,-71.7,-40.7,3885,862.0,325456795.0
2024-12-10,Tuesday,19,1,4663285.0,39.2,-33.0,3885,1200.0,330120080.0
2024-12-11,Wednesday,20,1,3397490.0,-27.1,-33.1,3885,874.0,333517570.0
2024-12-12,Thursday,21,1,3020870.0,-11.1,-36.8,3885,777.0,336538440.0
2024-12-13,Friday,22,2,5832065.0,93.1,-38.7,3689,1580.0,342370505.0
2024-12-14,Saturday,23,2,9442760.0,61.9,-37.4,3689,2559.0,351813265.0
2024-12-15,Sunday,24,2,7374580.0,-21.9,-37.7,3689,1999.0,359187845.0
2024-12-16,Monday,25,1,2517120.0,-65.9,-24.8,3689,682.0,361704965.0
2024-12-17,Tuesday,26,1,3487530.0,38.6,-25.2,3689,945.0,365192495.0
2024-12-18,Wednesday,27,1,2758720.0,-20.9,-18.8,3689,747.0,367951215.0
2024-12-19,Thursday,28,1,2464660.0,-10.7,-18.4,3689,668.0,370415875.0
2024-12-20,Friday,29,3,3737230.0,51.6,-35.9,3296,1133.0,374153105.0
2024-12-21,Saturday,30,3,5185345.0,38.7,-45.1,3296,1573.0,379338450.0
2024-12-22,Sunday,31,3,5229850.0,0.9,-29.1,3296,1586.0,384568300.0
2024-12-23,Monday,32,3,4675865.0,-10.6,85.8,3296,1418.0,389244165.0
2024-12-24,Tuesday,33,3,3246830.0,-30.6,-6.9,3296,985.0,392490995.0
2024-12-26,Thursday,35,4,6889915.0,27.6,179.5,3177,2168.0,404780535.0
2024-12-27,Friday,36,4,6854105.0,-0.5,83.4,3177,2157.0,411634640.0
2024-12-28,Saturday,37,4,6825985.0,-0.4,31.6,3177,2148.0,418460625.0
2024-12-29,Sunday,38,4,6069770.0,-11.1,16.1,3177,1910.0,424530395.0
2024-12-30,Monday,39,3,4751815.0,-21.7,1.6,3177,1495.0,429282210.0
2025-01-02,Thursday,42,5,2978430.0,-35.7,-56.8,3177,937.0,440551945.0
2025-01-03,Friday,43,5,3354110.0,12.6,-51.1,3287,1020.0,443906055.0
2025-01-04,Saturday,44,5,4131635.0,23.2,-39.5,3287,1256.0,448037690.0
2025-01-05,Sunday,45,5,2497530.0,-39.6,-58.9,3287,759.0,450535220.0
2025-01-06,Monday,46,6,803735.0,-67.8,-83.1,3287,244.0,451338955.0
2025-01-07,Tuesday,47,5,1087805.0,35.3,-70.3,3287,330.0,452426760.0
2025-01-08,Wednesday,48,5,763610.0,-29.8,-83.5,3287,232.0,453190370.0
2025-01-09,Thursday,49,5,709690.0,-7.1,-76.2,3287,215.0,453900060.0
2025-01-10,Friday,50,8,1157365.0,63.1,-65.5,2967,390.0,455057425.0
2025-01-11,Saturday,51,6,2376030.0,105.3,-42.5,2967,800.0,457433455.0
2025-01-12,Sunday,52,6,1587645.0,-33.2,-36.4,2967,535.0,459021100.0
2025-01-13,Monday,53,6,407755.0,-74.3,-49.3,2967,137.0,459428855.0
2025-01-14,Tuesday,54,6,685320.0,68.1,-37.0,2967,230.0,460114175.0
2025-01-15,Wednesday,55,6,464375.0,-32.2,-39.2,2967,156.0,460578550.0
2025-01-16,Thursday,56,6,385705.0,-16.9,-45.7,2967,129.0,460964255.0
2025-01-17,Friday,57,9,823170.0,113.4,-28.9,2352,349.0,461787425.0
2025-01-18,Saturday,58,8,1538270.0,86.9,-35.3,2352,654.0,463325695.0
2025-01-19,Sunday,59,8,1237385.0,-19.6,-22.1,2352,526.0,464563080.0
2025-01-21,Tuesday,61,9,416155.0,-55.1,-39.3,2352,176.0,465905925.0
2025-01-22,Wednesday,62,9,278305.0,-33.1,-40.1,2352,118.0,466184230.0
2025-01-23,Thursday,63,9,249040.0,-10.5,-35.4,2352,105.0,466433270.0
2025-01-24,Friday,64,13,538470.0,116.2,-34.6,2131,252.0,466971740.0
2025-01-25,Saturday,65,11,1148115.0,113.2,-25.4,2131,538.0,468119855.0
2025-01-26,Sunday,66,10,673050.0,-41.4,-45.6,2131,315.0,468792905.0
2025-01-27,Monday,67,12,189220.0,-71.9,-79.6,2131,88.0,468982125.0
2025-01-28,Tuesday,68,11,309245.0,63.4,-25.7,2131,145.0,469291370.0
2025-01-29,Wednesday,69,11,222095.0,-28.2,-20.2,2131,104.0,469513465.0
2025-01-30,Thursday,70,13,148285.0,-33.2,-40.5,2131,69.0,469661750.0
2025-01-31,Friday,71,13,270435.0,82.4,-49.8,1318,205.0,469932185.0
2025-02-01,Saturday,72,12,559130.0,106.8,-51.3,1318,424.0,470491315.0
2025-02-02,Sunday,73,11,368865.0,-34.0,-45.2,1318,279.0,470860180.0
2025-02-03,Monday,74,13,86425.0,-76.6,-54.3,1318,65.0,470946605.0
2025-02-04,Tuesday,75,13,148665.0,72.0,-51.9,1318,112.0,471095270.0
2025-02-05,Wednesday,76,12,96485.0,-35.1,-56.6,1318,73.0,471191755.0
2025-02-06,Thursday,77,11,82445.0,-14.6,-44.4,1318,62.0,471274200.0
2025-02-07,Friday,78,15,161695.0,96.1,-40.2,835,193.0,471435895.0
2025-02-08,Saturday,79,15,296530.0,83.4,-47.0,835,355.0,471732425.0
2025-02-09,Sunday,80,14,141845.0,-52.2,-61.5,835,169.0,471874270.0
2025-02-10,Monday,81,16,60595.0,-57.3,-29.9,835,72.0,471934865.0
2025-02-11,Tuesday,82,15,90240.0,48.9,-39.3,835,108.0,472025105.0
2025-02-12,Wednesday,83,15,67895.0,-24.8,-29.6,835,81.0,472093000.0
2025-02-13,Thursday,84,15,41650.0,-38.7,-49.5,835,49.0,472134650.0
2025-02-14,Friday,85,18,85395.0,105.0,-47.2,356,239.0,472220045.0
2025-02-15,Saturday,86,18,96010.0,12.4,-67.6,356,269.0,472316055.0
2025-02-16,Sunday,87,18,85915.0,-10.5,-39.4,356,241.0,472401970.0
2025-02-18,Tuesday,89,17,37010.0,-52.0,-59.0,356,103.0,472516085.0
2025-02-19,Wednesday,90,17,28970.0,-21.7,-57.3,356,81.0,472545055.0
2025-02-20,Thursday,91,17,25775.0,-11.0,-38.1,356,72.0,472570830.0
2025-02-21,Friday,92,21,37755.0,46.5,-55.8,482,78.0,472608585.0
2025-02-22,Saturday,93,21,114610.0,203.6,19.4,482,237.0,472723195.0
2025-02-23,Sunday,94,21,49965.0,-56.4,-41.8,482,103.0,472773160.0
2025-02-24,Monday,95,23,14320.0,-71.3,-81.4,482,29.0,472787480.0
2025-02-25,Tuesday,96,21,32370.0,126.0,-12.5,482,67.0,472819850.0
2025-02-26,Wednesday,97,22,15590.0,-51.8,-46.2,482,32.0,472835440.0
2025-02-27,Thursday,98,18,33680.0,116.0,30.7,482,69.0,472869120.0
2025-02-28,Friday,99,23,40935.0,21.5,8.4,620,66.0,472910055.0
2025-03-01,Saturday,100,23,104455.0,155.2,-8.9,620,168.0,473014510.0
2025-03-02,Sunday,101,25,42545.0,-59.3,-14.9,620,68.0,473057055.0
2025-03-03,Monday,102,25,14965.0,-64.8,4.5,620,24.0,473072020.0
2025-03-04,Tuesday,103,26,23210.0,55.1,-28.3,620,37.0,473095230.0
2025-03-05,Wednesday,104,26,17005.0,-26.7,9.1,620,27.0,473112235.0
2025-03-06,Thursday,105,25,13990.0,-17.7,-58.5,620,22.0,473126225.0
2025-03-07,Friday,106,31,13120.0,-6.2,-67.9,112,117.0,473139345.0
2025-03-08,Saturday,107,31,26690.0,103.4,-74.4,112,238.0,473166035.0
2025-03-09,Sunday,108,28,20680.0,-22.5,-51.4,112,184.0,473186715.0
2025-03-10,Monday,109,29,8725.0,-57.8,-41.7,112,77.0,473195440.0
2025-03-11,Tuesday,110,28,13670.0,56.7,-41.1,112,122.0,473209110.0
2025-03-12,Wednesday,111,29,10625.0,-22.3,-37.5,112,94.0,473219735.0
2025-03-13,Thursday,112,25,11385.0,7.2,-18.6,112,101.0,473231120.0
2025-11-14,Friday,358,11,321225.0,,,2195,146.0,473552345.0
2025-11-15,Saturday,359,11,519060.0,61.6,,2195,236.0,474071405.0
2025-11-16,Sunday,360,11,364980.0,-29.7,,2195,166.0,474436385.0
2025-11-17,Monday,361,11,123630.0,-66.1,,2195,56.0,474560015.0
2025-11-18,Tuesday,362,11,195125.0,57.8,,2195,88.0,474755140.0
2025-11-19,Wednesday,363,12,166210.0,-14.8,,2195,75.0,474921350.0
2025-11-20,Thursday,364,12,62625.0,-62.3,,2195,28.0,474983975.0
